"interaction","MI","name","pvalue","selected","shared interaction","shared name"
"interacts with","0.448996","Solyc06g063070.3 (interacts with) Solyc07g065570.2","1.0E-15","false","interacts with","Solyc06g063070.3 (interacts with) Solyc07g065570.2"
"interacts with","0.526778","Solyc06g063070.3 (interacts with) Solyc07g043330.2","1.0E-15","false","interacts with","Solyc06g063070.3 (interacts with) Solyc07g043330.2"
"interacts with","0.452299","Solyc01g060490.3 (interacts with) Solyc12g089240.2","1.0E-15","false","interacts with","Solyc01g060490.3 (interacts with) Solyc12g089240.2"
"interacts with","0.423327","Solyc07g065570.2 (interacts with) Solyc12g089240.2","1.0E-10","false","interacts with","Solyc07g065570.2 (interacts with) Solyc12g089240.2"
"interacts with","0.607451","Solyc06g063070.3 (interacts with) Solyc12g100140.2","1.0E-20","false","interacts with","Solyc06g063070.3 (interacts with) Solyc12g100140.2"
"interacts with","0.601619","Solyc06g053610.3 (interacts with) Solyc10g084380.1","1.0E-20","false","interacts with","Solyc06g053610.3 (interacts with) Solyc10g084380.1"
"interacts with","0.452815","Solyc01g060490.3 (interacts with) Solyc03g112390.3","1.0E-15","false","interacts with","Solyc01g060490.3 (interacts with) Solyc03g112390.3"
"interacts with","0.573223","Solyc06g063070.3 (interacts with) Solyc08g014030.1","1.0E-20","false","interacts with","Solyc06g063070.3 (interacts with) Solyc08g014030.1"
"interacts with","0.548637","Solyc06g063070.3 (interacts with) Solyc08g078300.3","1.0E-15","false","interacts with","Solyc06g063070.3 (interacts with) Solyc08g078300.3"
"interacts with","0.433145","Solyc06g053610.3 (interacts with) Solyc06g083590.3","1.0E-15","false","interacts with","Solyc06g053610.3 (interacts with) Solyc06g083590.3"
"interacts with","0.590291","Solyc01g079260.3 (interacts with) Solyc06g063070.3","1.0E-20","false","interacts with","Solyc01g079260.3 (interacts with) Solyc06g063070.3"
"interacts with","0.426806","Solyc02g024070.3 (interacts with) Solyc06g053720.2","1.0E-10","false","interacts with","Solyc02g024070.3 (interacts with) Solyc06g053720.2"
"interacts with","0.70518","Solyc06g063070.3 (interacts with) Solyc10g079070.2","1.0E-20","false","interacts with","Solyc06g063070.3 (interacts with) Solyc10g079070.2"
"interacts with","0.460318","Solyc06g063070.3 (interacts with) Solyc06g083590.3","1.0E-15","false","interacts with","Solyc06g063070.3 (interacts with) Solyc06g083590.3"
"interacts with","0.675524","Solyc06g053610.3 (interacts with) Solyc10g078700.2","1.0E-20","false","interacts with","Solyc06g053610.3 (interacts with) Solyc10g078700.2"
"interacts with","0.615927","Solyc06g063070.3 (interacts with) Solyc10g084380.1","1.0E-20","false","interacts with","Solyc06g063070.3 (interacts with) Solyc10g084380.1"
"interacts with","0.204189","Solyc02g024070.3 (interacts with) Solyc08g078590.1","1.0E-5","false","interacts with","Solyc02g024070.3 (interacts with) Solyc08g078590.1"
"interacts with","0.266517","Solyc06g063070.3 (interacts with) Solyc10g083567.1","1.0E-5","false","interacts with","Solyc06g063070.3 (interacts with) Solyc10g083567.1"
"interacts with","0.58978","Solyc06g063070.3 (interacts with) Solyc08g076860.3","1.0E-20","false","interacts with","Solyc06g063070.3 (interacts with) Solyc08g076860.3"
"interacts with","0.585413","Solyc01g079260.3 (interacts with) Solyc08g076860.3","1.0E-20","false","interacts with","Solyc01g079260.3 (interacts with) Solyc08g076860.3"
"interacts with","0.393708","Solyc06g063070.3 (interacts with) Solyc10g007350.3","1.0E-10","false","interacts with","Solyc06g063070.3 (interacts with) Solyc10g007350.3"
"interacts with","0.708503","Solyc06g053610.3 (interacts with) Solyc06g063070.3","1.0E-20","false","interacts with","Solyc06g053610.3 (interacts with) Solyc06g063070.3"
"interacts with","0.549936","Solyc01g107170.2 (interacts with) Solyc06g062670.3","1.0E-15","false","interacts with","Solyc01g107170.2 (interacts with) Solyc06g062670.3"
"interacts with","0.591931","Solyc01g079260.3 (interacts with) Solyc02g090820.3","1.0E-20","false","interacts with","Solyc01g079260.3 (interacts with) Solyc02g090820.3"
"interacts with","0.620291","Solyc01g079260.3 (interacts with) Solyc10g079070.2","1.0E-20","false","interacts with","Solyc01g079260.3 (interacts with) Solyc10g079070.2"
"interacts with","0.649431","Solyc01g107170.2 (interacts with) Solyc03g121400.1","1.0E-20","false","interacts with","Solyc01g107170.2 (interacts with) Solyc03g121400.1"
"interacts with","0.411097","Solyc06g053720.2 (interacts with) Solyc06g063070.3","1.0E-10","false","interacts with","Solyc06g053720.2 (interacts with) Solyc06g063070.3"
"interacts with","0.580105","Solyc01g107170.2 (interacts with) Solyc01g108940.2","1.0E-20","false","interacts with","Solyc01g107170.2 (interacts with) Solyc01g108940.2"
"interacts with","0.781497","Solyc01g107170.2 (interacts with) Solyc02g090820.3","1.0E-25","false","interacts with","Solyc01g107170.2 (interacts with) Solyc02g090820.3"
"interacts with","0.766523","Solyc01g107170.2 (interacts with) Solyc10g079070.2","1.0E-25","false","interacts with","Solyc01g107170.2 (interacts with) Solyc10g079070.2"
"interacts with","0.41307","Solyc06g053720.2 (interacts with) Solyc08g076860.3","1.0E-10","false","interacts with","Solyc06g053720.2 (interacts with) Solyc08g076860.3"
"interacts with","0.585772","Solyc01g096050.3 (interacts with) Solyc08g076860.3","1.0E-20","false","interacts with","Solyc01g096050.3 (interacts with) Solyc08g076860.3"
"interacts with","0.368444","Solyc01g079260.3 (interacts with) Solyc08g082210.3","1.0E-10","false","interacts with","Solyc01g079260.3 (interacts with) Solyc08g082210.3"
"interacts with","0.745106","Solyc01g107170.2 (interacts with) Solyc11g005380.2","1.0E-25","false","interacts with","Solyc01g107170.2 (interacts with) Solyc11g005380.2"
"interacts with","0.44965","Solyc06g053720.2 (interacts with) Solyc10g079070.2","1.0E-15","false","interacts with","Solyc06g053720.2 (interacts with) Solyc10g079070.2"
"interacts with","0.373001","Solyc12g005830.2 (interacts with) Solyc12g089240.2","1.0E-10","false","interacts with","Solyc12g005830.2 (interacts with) Solyc12g089240.2"
"interacts with","0.509457","Solyc01g096050.3 (interacts with) Solyc02g068200.1","1.0E-15","false","interacts with","Solyc01g096050.3 (interacts with) Solyc02g068200.1"
"interacts with","0.429611","Solyc06g053720.2 (interacts with) Solyc12g089240.2","1.0E-10","false","interacts with","Solyc06g053720.2 (interacts with) Solyc12g089240.2"
"interacts with","0.643535","Solyc01g079260.3 (interacts with) Solyc12g089240.2","1.0E-20","false","interacts with","Solyc01g079260.3 (interacts with) Solyc12g089240.2"
"interacts with","0.452442","Solyc01g096050.3 (interacts with) Solyc06g083590.3","1.0E-15","false","interacts with","Solyc01g096050.3 (interacts with) Solyc06g083590.3"
"interacts with","0.697344","Solyc01g096050.3 (interacts with) Solyc06g063070.3","1.0E-20","false","interacts with","Solyc01g096050.3 (interacts with) Solyc06g063070.3"
"interacts with","0.683419","Solyc06g053610.3 (interacts with) Solyc11g005380.2","1.0E-20","false","interacts with","Solyc06g053610.3 (interacts with) Solyc11g005380.2"
"interacts with","0.592044","Solyc01g079260.3 (interacts with) Solyc01g107170.2","1.0E-20","false","interacts with","Solyc01g079260.3 (interacts with) Solyc01g107170.2"
"interacts with","0.216346","Solyc06g053610.3 (interacts with) Solyc08g078590.1","1.0E-5","false","interacts with","Solyc06g053610.3 (interacts with) Solyc08g078590.1"
"interacts with","0.663932","Solyc01g107170.2 (interacts with) Solyc12g099760.2","1.0E-20","false","interacts with","Solyc01g107170.2 (interacts with) Solyc12g099760.2"
"interacts with","0.672985","Solyc06g053610.3 (interacts with) Solyc12g089240.2","1.0E-20","false","interacts with","Solyc06g053610.3 (interacts with) Solyc12g089240.2"
"interacts with","0.605728","Solyc06g036170.1 (interacts with) Solyc12g100140.2","1.0E-20","false","interacts with","Solyc06g036170.1 (interacts with) Solyc12g100140.2"
"interacts with","0.490075","Solyc01g107170.2 (interacts with) Solyc05g050220.3","1.0E-15","false","interacts with","Solyc01g107170.2 (interacts with) Solyc05g050220.3"
"interacts with","0.403644","Solyc01g107170.2 (interacts with) Solyc12g005830.2","1.0E-10","false","interacts with","Solyc01g107170.2 (interacts with) Solyc12g005830.2"
"interacts with","0.478474","Solyc06g036170.1 (interacts with) Solyc06g083980.2","1.0E-15","false","interacts with","Solyc06g036170.1 (interacts with) Solyc06g083980.2"
"interacts with","0.781142","Solyc01g107170.2 (interacts with) Solyc06g036170.1","1.0E-25","false","interacts with","Solyc01g107170.2 (interacts with) Solyc06g036170.1"
"interacts with","0.387911","Solyc01g107170.2 (interacts with) Solyc04g081020.3","1.0E-10","false","interacts with","Solyc01g107170.2 (interacts with) Solyc04g081020.3"
"interacts with","0.756783","Solyc06g036170.1 (interacts with) Solyc06g063070.3","1.0E-25","false","interacts with","Solyc06g036170.1 (interacts with) Solyc06g063070.3"
"interacts with","0.594196","Solyc01g079260.3 (interacts with) Solyc06g036170.1","1.0E-20","false","interacts with","Solyc01g079260.3 (interacts with) Solyc06g036170.1"
"interacts with","0.605771","Solyc08g076860.3 (interacts with) Solyc11g005380.2","1.0E-20","false","interacts with","Solyc08g076860.3 (interacts with) Solyc11g005380.2"
"interacts with","0.670945","Solyc12g089240.2 (interacts with) Solyc12g099760.2","1.0E-20","false","interacts with","Solyc12g089240.2 (interacts with) Solyc12g099760.2"
"interacts with","0.273122","Solyc04g054685.1 (interacts with) Solyc08g076860.3","1.0E-5","false","interacts with","Solyc04g054685.1 (interacts with) Solyc08g076860.3"
"interacts with","0.554404","Solyc12g089240.2 (interacts with) Solyc12g100140.2","1.0E-15","false","interacts with","Solyc12g089240.2 (interacts with) Solyc12g100140.2"
"interacts with","0.719151","Solyc01g096050.3 (interacts with) Solyc06g036170.1","1.0E-25","false","interacts with","Solyc01g096050.3 (interacts with) Solyc06g036170.1"
"interacts with","0.611984","Solyc08g076860.3 (interacts with) Solyc12g089240.2","1.0E-20","false","interacts with","Solyc08g076860.3 (interacts with) Solyc12g089240.2"
"interacts with","0.445112","Solyc01g107170.2 (interacts with) Solyc03g116100.3","1.0E-15","false","interacts with","Solyc01g107170.2 (interacts with) Solyc03g116100.3"
"interacts with","0.471237","Solyc12g044610.2 (interacts with) Solyc12g089240.2","1.0E-15","false","interacts with","Solyc12g044610.2 (interacts with) Solyc12g089240.2"
"interacts with","0.395944","Solyc08g076860.3 (interacts with) Solyc12g005830.2","1.0E-10","false","interacts with","Solyc08g076860.3 (interacts with) Solyc12g005830.2"
"interacts with","0.611299","Solyc08g076860.3 (interacts with) Solyc10g079070.2","1.0E-20","false","interacts with","Solyc08g076860.3 (interacts with) Solyc10g079070.2"
"interacts with","0.279715","Solyc04g054685.1 (interacts with) Solyc12g089240.2","1.0E-5","false","interacts with","Solyc04g054685.1 (interacts with) Solyc12g089240.2"
"interacts with","0.274186","Solyc04g054685.1 (interacts with) Solyc11g005380.2","1.0E-5","false","interacts with","Solyc04g054685.1 (interacts with) Solyc11g005380.2"
"interacts with","0.622185","Solyc06g082300.3 (interacts with) Solyc10g078700.2","1.0E-20","false","interacts with","Solyc06g082300.3 (interacts with) Solyc10g078700.2"
"interacts with","0.583262","Solyc06g082300.3 (interacts with) Solyc10g079070.2","1.0E-20","false","interacts with","Solyc06g082300.3 (interacts with) Solyc10g079070.2"
"interacts with","0.585956","Solyc06g036170.1 (interacts with) Solyc07g018010.3","1.0E-20","false","interacts with","Solyc06g036170.1 (interacts with) Solyc07g018010.3"
"interacts with","0.380274","Solyc11g005380.2 (interacts with) Solyc12g005830.2","1.0E-10","false","interacts with","Solyc11g005380.2 (interacts with) Solyc12g005830.2"
"interacts with","0.693296","Solyc01g096050.3 (interacts with) Solyc12g089240.2","1.0E-20","false","interacts with","Solyc01g096050.3 (interacts with) Solyc12g089240.2"
"interacts with","0.38431","Solyc08g076860.3 (interacts with) Solyc10g007350.3","1.0E-10","false","interacts with","Solyc08g076860.3 (interacts with) Solyc10g007350.3"
"interacts with","0.756809","Solyc01g096050.3 (interacts with) Solyc11g005380.2","1.0E-25","false","interacts with","Solyc01g096050.3 (interacts with) Solyc11g005380.2"
"interacts with","0.442133","Solyc03g112390.3 (interacts with) Solyc06g083590.3","1.0E-15","false","interacts with","Solyc03g112390.3 (interacts with) Solyc06g083590.3"
"interacts with","0.472909","Solyc06g036170.1 (interacts with) Solyc06g083590.3","1.0E-15","false","interacts with","Solyc06g036170.1 (interacts with) Solyc06g083590.3"
"interacts with","0.805125","Solyc11g005380.2 (interacts with) Solyc12g089240.2","1.0E-25","false","interacts with","Solyc11g005380.2 (interacts with) Solyc12g089240.2"
"interacts with","0.563362","Solyc06g082300.3 (interacts with) Solyc07g043330.2","1.0E-15","false","interacts with","Solyc06g082300.3 (interacts with) Solyc07g043330.2"
"interacts with","0.682119","Solyc03g112390.3 (interacts with) Solyc06g053610.3","1.0E-20","false","interacts with","Solyc03g112390.3 (interacts with) Solyc06g053610.3"
"interacts with","0.649194","Solyc06g036170.1 (interacts with) Solyc10g084380.1","1.0E-20","false","interacts with","Solyc06g036170.1 (interacts with) Solyc10g084380.1"
"interacts with","0.569846","Solyc01g107170.2 (interacts with) Solyc07g018010.3","1.0E-15","false","interacts with","Solyc01g107170.2 (interacts with) Solyc07g018010.3"
"interacts with","0.752302","Solyc03g112390.3 (interacts with) Solyc10g079070.2","1.0E-25","false","interacts with","Solyc03g112390.3 (interacts with) Solyc10g079070.2"
"interacts with","0.269959","Solyc06g036170.1 (interacts with) Solyc10g083567.1","1.0E-5","false","interacts with","Solyc06g036170.1 (interacts with) Solyc10g083567.1"
"interacts with","0.590948","Solyc06g082300.3 (interacts with) Solyc08g014030.1","1.0E-20","false","interacts with","Solyc06g082300.3 (interacts with) Solyc08g014030.1"
"interacts with","0.426985","Solyc06g036170.1 (interacts with) Solyc06g053720.2","1.0E-10","false","interacts with","Solyc06g036170.1 (interacts with) Solyc06g053720.2"
"interacts with","0.664318","Solyc11g005380.2 (interacts with) Solyc12g099760.2","1.0E-20","false","interacts with","Solyc11g005380.2 (interacts with) Solyc12g099760.2"
"interacts with","0.434801","Solyc01g096050.3 (interacts with) Solyc06g053720.2","1.0E-15","false","interacts with","Solyc01g096050.3 (interacts with) Solyc06g053720.2"
"interacts with","0.638654","Solyc06g036170.1 (interacts with) Solyc06g082300.3","1.0E-20","false","interacts with","Solyc06g036170.1 (interacts with) Solyc06g082300.3"
"interacts with","0.668212","Solyc01g096050.3 (interacts with) Solyc12g099760.2","1.0E-20","false","interacts with","Solyc01g096050.3 (interacts with) Solyc12g099760.2"
"interacts with","0.600482","Solyc03g112390.3 (interacts with) Solyc10g084380.1","1.0E-20","false","interacts with","Solyc03g112390.3 (interacts with) Solyc10g084380.1"
"interacts with","0.585788","Solyc06g082300.3 (interacts with) Solyc12g089240.2","1.0E-20","false","interacts with","Solyc06g082300.3 (interacts with) Solyc12g089240.2"
"interacts with","0.715622","Solyc01g107170.2 (interacts with) Solyc12g089240.2","1.0E-25","false","interacts with","Solyc01g107170.2 (interacts with) Solyc12g089240.2"
"interacts with","0.222113","Solyc06g036170.1 (interacts with) Solyc08g078590.1","1.0E-5","false","interacts with","Solyc06g036170.1 (interacts with) Solyc08g078590.1"
"interacts with","0.832391","Solyc06g036170.1 (interacts with) Solyc12g089240.2","1.0E-25","false","interacts with","Solyc06g036170.1 (interacts with) Solyc12g089240.2"
"interacts with","0.418773","Solyc06g036170.1 (interacts with) Solyc07g065570.2","1.0E-10","false","interacts with","Solyc06g036170.1 (interacts with) Solyc07g065570.2"
"interacts with","0.545497","Solyc03g112390.3 (interacts with) Solyc08g078300.3","1.0E-15","false","interacts with","Solyc03g112390.3 (interacts with) Solyc08g078300.3"
"interacts with","0.582042","Solyc03g112390.3 (interacts with) Solyc08g014030.1","1.0E-20","false","interacts with","Solyc03g112390.3 (interacts with) Solyc08g014030.1"
"interacts with","0.429461","Solyc01g107170.2 (interacts with) Solyc03g006320.1","1.0E-10","false","interacts with","Solyc01g107170.2 (interacts with) Solyc03g006320.1"
"interacts with","0.627829","Solyc01g108940.2 (interacts with) Solyc06g036170.1","1.0E-20","false","interacts with","Solyc01g108940.2 (interacts with) Solyc06g036170.1"
"interacts with","0.583607","Solyc01g108940.2 (interacts with) Solyc02g024070.3","1.0E-20","false","interacts with","Solyc01g108940.2 (interacts with) Solyc02g024070.3"
"interacts with","0.335394","Solyc01g107170.2 (interacts with) Solyc10g079150.2","1.0E-10","false","interacts with","Solyc01g107170.2 (interacts with) Solyc10g079150.2"
"interacts with","0.533361","Solyc07g043330.2 (interacts with) Solyc10g078700.2","1.0E-15","false","interacts with","Solyc07g043330.2 (interacts with) Solyc10g078700.2"
"interacts with","0.585023","Solyc06g036170.1 (interacts with) Solyc08g014030.1","1.0E-20","false","interacts with","Solyc06g036170.1 (interacts with) Solyc08g014030.1"
"interacts with","0.532432","Solyc03g112390.3 (interacts with) Solyc03g114720.3","1.0E-15","false","interacts with","Solyc03g112390.3 (interacts with) Solyc03g114720.3"
"interacts with","0.691031","Solyc03g112390.3 (interacts with) Solyc06g063070.3","1.0E-20","false","interacts with","Solyc03g112390.3 (interacts with) Solyc06g063070.3"
"interacts with","0.484766","Solyc01g108940.2 (interacts with) Solyc11g010710.2","1.0E-15","false","interacts with","Solyc01g108940.2 (interacts with) Solyc11g010710.2"
"interacts with","0.53197","Solyc07g043330.2 (interacts with) Solyc12g089240.2","1.0E-15","false","interacts with","Solyc07g043330.2 (interacts with) Solyc12g089240.2"
"interacts with","0.567487","Solyc01g108940.2 (interacts with) Solyc12g089240.2","1.0E-15","false","interacts with","Solyc01g108940.2 (interacts with) Solyc12g089240.2"
"interacts with","0.679441","Solyc03g112390.3 (interacts with) Solyc05g052410.2","1.0E-20","false","interacts with","Solyc03g112390.3 (interacts with) Solyc05g052410.2"
"interacts with","0.402638","Solyc03g112390.3 (interacts with) Solyc04g081020.3","1.0E-10","false","interacts with","Solyc03g112390.3 (interacts with) Solyc04g081020.3"
"interacts with","0.577409","Solyc01g108940.2 (interacts with) Solyc06g082300.3","1.0E-20","false","interacts with","Solyc01g108940.2 (interacts with) Solyc06g082300.3"
"interacts with","0.703158","Solyc03g112390.3 (interacts with) Solyc06g036170.1","1.0E-20","false","interacts with","Solyc03g112390.3 (interacts with) Solyc06g036170.1"
"interacts with","0.526056","Solyc06g036170.1 (interacts with) Solyc11g072500.2","1.0E-15","false","interacts with","Solyc06g036170.1 (interacts with) Solyc11g072500.2"
"interacts with","0.715444","Solyc06g036170.1 (interacts with) Solyc10g078700.2","1.0E-25","false","interacts with","Solyc06g036170.1 (interacts with) Solyc10g078700.2"
"interacts with","0.731368","Solyc06g036170.1 (interacts with) Solyc06g053610.3","1.0E-25","false","interacts with","Solyc06g036170.1 (interacts with) Solyc06g053610.3"
"interacts with","0.591479","Solyc03g112390.3 (interacts with) Solyc06g082300.3","1.0E-20","false","interacts with","Solyc03g112390.3 (interacts with) Solyc06g082300.3"
"interacts with","0.747326","Solyc06g036170.1 (interacts with) Solyc10g079070.2","1.0E-25","false","interacts with","Solyc06g036170.1 (interacts with) Solyc10g079070.2"
"interacts with","0.587972","Solyc01g108940.2 (interacts with) Solyc10g079070.2","1.0E-20","false","interacts with","Solyc01g108940.2 (interacts with) Solyc10g079070.2"
"interacts with","0.623509","Solyc06g036170.1 (interacts with) Solyc08g076860.3","1.0E-20","false","interacts with","Solyc06g036170.1 (interacts with) Solyc08g076860.3"
"interacts with","0.592997","Solyc01g108940.2 (interacts with) Solyc02g090820.3","1.0E-20","false","interacts with","Solyc01g108940.2 (interacts with) Solyc02g090820.3"
"interacts with","0.694028","Solyc06g036170.1 (interacts with) Solyc12g099760.2","1.0E-20","false","interacts with","Solyc06g036170.1 (interacts with) Solyc12g099760.2"
"interacts with","0.542875","Solyc01g108940.2 (interacts with) Solyc07g018010.3","1.0E-15","false","interacts with","Solyc01g108940.2 (interacts with) Solyc07g018010.3"
"interacts with","0.523249","Solyc06g036170.1 (interacts with) Solyc07g043330.2","1.0E-15","false","interacts with","Solyc06g036170.1 (interacts with) Solyc07g043330.2"
"interacts with","0.201786","Solyc08g078590.1 (interacts with) Solyc12g089240.2","1.0E-5","false","interacts with","Solyc08g078590.1 (interacts with) Solyc12g089240.2"
"interacts with","0.655617","Solyc03g112390.3 (interacts with) Solyc12g089240.2","1.0E-20","false","interacts with","Solyc03g112390.3 (interacts with) Solyc12g089240.2"
"interacts with","0.571055","Solyc08g014030.1 (interacts with) Solyc10g078700.2","1.0E-15","false","interacts with","Solyc08g014030.1 (interacts with) Solyc10g078700.2"
"interacts with","0.203018","Solyc08g078590.1 (interacts with) Solyc11g005380.2","1.0E-5","false","interacts with","Solyc08g078590.1 (interacts with) Solyc11g005380.2"
"interacts with","0.425686","Solyc03g112390.3 (interacts with) Solyc07g065570.2","1.0E-10","false","interacts with","Solyc03g112390.3 (interacts with) Solyc07g065570.2"
"interacts with","0.533782","Solyc08g014030.1 (interacts with) Solyc08g078300.3","1.0E-15","false","interacts with","Solyc08g014030.1 (interacts with) Solyc08g078300.3"
"interacts with","0.623615","Solyc08g014030.1 (interacts with) Solyc10g079070.2","1.0E-20","false","interacts with","Solyc08g014030.1 (interacts with) Solyc10g079070.2"
"interacts with","0.495285","Solyc11g010710.2 (interacts with) Solyc12g089240.2","1.0E-15","false","interacts with","Solyc11g010710.2 (interacts with) Solyc12g089240.2"
"interacts with","0.812478","Solyc06g036170.1 (interacts with) Solyc11g005380.2","1.0E-25","false","interacts with","Solyc06g036170.1 (interacts with) Solyc11g005380.2"
"interacts with","0.601177","Solyc08g014030.1 (interacts with) Solyc12g089240.2","1.0E-20","false","interacts with","Solyc08g014030.1 (interacts with) Solyc12g089240.2"
"interacts with","0.367818","Solyc06g036170.1 (interacts with) Solyc08g082210.3","1.0E-10","false","interacts with","Solyc06g036170.1 (interacts with) Solyc08g082210.3"
"interacts with","0.284447","Solyc08g014030.1 (interacts with) Solyc10g083567.1","1.0E-5","false","interacts with","Solyc08g014030.1 (interacts with) Solyc10g083567.1"
"interacts with","0.57233","Solyc02g024070.3 (interacts with) Solyc08g014030.1","1.0E-20","false","interacts with","Solyc02g024070.3 (interacts with) Solyc08g014030.1"
"interacts with","0.546217","Solyc10g080540.2 (interacts with) Solyc12g099760.2","1.0E-15","false","interacts with","Solyc10g080540.2 (interacts with) Solyc12g099760.2"
"interacts with","0.376757","Solyc06g036170.1 (interacts with) Solyc12g005830.2","1.0E-10","false","interacts with","Solyc06g036170.1 (interacts with) Solyc12g005830.2"
"interacts with","0.539992","Solyc10g080540.2 (interacts with) Solyc12g089240.2","1.0E-15","false","interacts with","Solyc10g080540.2 (interacts with) Solyc12g089240.2"
"interacts with","0.543035","Solyc01g108940.2 (interacts with) Solyc03g114720.3","1.0E-15","false","interacts with","Solyc01g108940.2 (interacts with) Solyc03g114720.3"
"interacts with","0.434854","Solyc03g006320.1 (interacts with) Solyc12g089240.2","1.0E-15","false","interacts with","Solyc03g006320.1 (interacts with) Solyc12g089240.2"
"interacts with","0.562594","Solyc01g108940.2 (interacts with) Solyc08g078300.3","1.0E-15","false","interacts with","Solyc01g108940.2 (interacts with) Solyc08g078300.3"
"interacts with","0.551115","Solyc01g108940.2 (interacts with) Solyc08g014030.1","1.0E-15","false","interacts with","Solyc01g108940.2 (interacts with) Solyc08g014030.1"
"interacts with","0.53566","Solyc02g024070.3 (interacts with) Solyc11g072500.2","1.0E-15","false","interacts with","Solyc02g024070.3 (interacts with) Solyc11g072500.2"
"interacts with","0.561678","Solyc01g108940.2 (interacts with) Solyc06g062670.3","1.0E-15","false","interacts with","Solyc01g108940.2 (interacts with) Solyc06g062670.3"
"interacts with","0.456669","Solyc03g006320.1 (interacts with) Solyc12g099760.2","1.0E-15","false","interacts with","Solyc03g006320.1 (interacts with) Solyc12g099760.2"
"interacts with","0.71418","Solyc02g024070.3 (interacts with) Solyc10g078700.2","1.0E-25","false","interacts with","Solyc02g024070.3 (interacts with) Solyc10g078700.2"
"interacts with","0.632563","Solyc01g108940.2 (interacts with) Solyc12g100140.2","1.0E-20","false","interacts with","Solyc01g108940.2 (interacts with) Solyc12g100140.2"
"interacts with","0.782702","Solyc02g024070.3 (interacts with) Solyc10g079070.2","1.0E-25","false","interacts with","Solyc02g024070.3 (interacts with) Solyc10g079070.2"
"interacts with","0.427971","Solyc02g024070.3 (interacts with) Solyc02g081120.3","1.0E-10","false","interacts with","Solyc02g024070.3 (interacts with) Solyc02g081120.3"
"interacts with","0.467078","Solyc03g006320.1 (interacts with) Solyc06g036170.1","1.0E-15","false","interacts with","Solyc03g006320.1 (interacts with) Solyc06g036170.1"
"interacts with","0.730823","Solyc02g024070.3 (interacts with) Solyc11g005380.2","1.0E-25","false","interacts with","Solyc02g024070.3 (interacts with) Solyc11g005380.2"
"interacts with","0.266093","Solyc10g083567.1 (interacts with) Solyc12g089240.2","1.0E-5","false","interacts with","Solyc10g083567.1 (interacts with) Solyc12g089240.2"
"interacts with","0.51324","Solyc02g024070.3 (interacts with) Solyc11g010710.2","1.0E-15","false","interacts with","Solyc02g024070.3 (interacts with) Solyc11g010710.2"
"interacts with","0.406637","Solyc08g082210.3 (interacts with) Solyc12g089240.2","1.0E-10","false","interacts with","Solyc08g082210.3 (interacts with) Solyc12g089240.2"
"interacts with","0.379773","Solyc08g082210.3 (interacts with) Solyc11g005380.2","1.0E-10","false","interacts with","Solyc08g082210.3 (interacts with) Solyc11g005380.2"
"interacts with","0.619972","Solyc04g005800.3 (interacts with) Solyc06g036170.1","1.0E-20","false","interacts with","Solyc04g005800.3 (interacts with) Solyc06g036170.1"
"interacts with","0.653835","Solyc04g005800.3 (interacts with) Solyc10g079070.2","1.0E-20","false","interacts with","Solyc04g005800.3 (interacts with) Solyc10g079070.2"
"interacts with","0.57725","Solyc04g005800.3 (interacts with) Solyc08g076860.3","1.0E-20","false","interacts with","Solyc04g005800.3 (interacts with) Solyc08g076860.3"
"interacts with","0.536734","Solyc10g078700.2 (interacts with) Solyc10g080540.2","1.0E-15","false","interacts with","Solyc10g078700.2 (interacts with) Solyc10g080540.2"
"interacts with","0.405533","Solyc04g005800.3 (interacts with) Solyc06g053720.2","1.0E-10","false","interacts with","Solyc04g005800.3 (interacts with) Solyc06g053720.2"
"interacts with","0.649121","Solyc03g121400.1 (interacts with) Solyc11g005380.2","1.0E-20","false","interacts with","Solyc03g121400.1 (interacts with) Solyc11g005380.2"
"interacts with","0.578631","Solyc02g024070.3 (interacts with) Solyc12g100140.2","1.0E-20","false","interacts with","Solyc02g024070.3 (interacts with) Solyc12g100140.2"
"interacts with","0.625102","Solyc03g121400.1 (interacts with) Solyc12g089240.2","1.0E-20","false","interacts with","Solyc03g121400.1 (interacts with) Solyc12g089240.2"
"interacts with","0.8067","Solyc10g078700.2 (interacts with) Solyc10g079070.2","1.0E-25","false","interacts with","Solyc10g078700.2 (interacts with) Solyc10g079070.2"
"interacts with","0.601288","Solyc03g121400.1 (interacts with) Solyc06g036170.1","1.0E-20","false","interacts with","Solyc03g121400.1 (interacts with) Solyc06g036170.1"
"interacts with","0.665524","Solyc10g078700.2 (interacts with) Solyc12g089240.2","1.0E-20","false","interacts with","Solyc10g078700.2 (interacts with) Solyc12g089240.2"
"interacts with","0.525707","Solyc02g068200.1 (interacts with) Solyc08g076860.3","1.0E-15","false","interacts with","Solyc02g068200.1 (interacts with) Solyc08g076860.3"
"interacts with","0.325237","Solyc10g079150.2 (interacts with) Solyc12g089240.2","1.0E-10","false","interacts with","Solyc10g079150.2 (interacts with) Solyc12g089240.2"
"interacts with","0.589309","Solyc04g005800.3 (interacts with) Solyc12g089240.2","1.0E-20","false","interacts with","Solyc04g005800.3 (interacts with) Solyc12g089240.2"
"interacts with","0.338758","Solyc10g079150.2 (interacts with) Solyc11g005380.2","1.0E-10","false","interacts with","Solyc10g079150.2 (interacts with) Solyc11g005380.2"
"interacts with","0.676009","Solyc10g078700.2 (interacts with) Solyc12g099760.2","1.0E-20","false","interacts with","Solyc10g078700.2 (interacts with) Solyc12g099760.2"
"interacts with","0.52132","Solyc03g114720.3 (interacts with) Solyc10g078700.2","1.0E-15","false","interacts with","Solyc03g114720.3 (interacts with) Solyc10g078700.2"
"interacts with","0.460892","Solyc04g005800.3 (interacts with) Solyc07g065570.2","1.0E-15","false","interacts with","Solyc04g005800.3 (interacts with) Solyc07g065570.2"
"interacts with","0.458703","Solyc10g078700.2 (interacts with) Solyc12g044610.2","1.0E-15","false","interacts with","Solyc10g078700.2 (interacts with) Solyc12g044610.2"
"interacts with","0.294271","Solyc04g005800.3 (interacts with) Solyc04g054685.1","1.0E-10","false","interacts with","Solyc04g005800.3 (interacts with) Solyc04g054685.1"
"interacts with","0.512841","Solyc03g114720.3 (interacts with) Solyc10g079070.2","1.0E-15","false","interacts with","Solyc03g114720.3 (interacts with) Solyc10g079070.2"
"interacts with","0.275723","Solyc02g068200.1 (interacts with) Solyc04g054685.1","1.0E-5","false","interacts with","Solyc02g068200.1 (interacts with) Solyc04g054685.1"
"interacts with","0.518879","Solyc02g068200.1 (interacts with) Solyc06g063070.3","1.0E-15","false","interacts with","Solyc02g068200.1 (interacts with) Solyc06g063070.3"
"interacts with","0.551033","Solyc02g024070.3 (interacts with) Solyc03g114720.3","1.0E-15","false","interacts with","Solyc02g024070.3 (interacts with) Solyc03g114720.3"
"interacts with","0.419432","Solyc04g081020.3 (interacts with) Solyc08g078300.3","1.0E-10","false","interacts with","Solyc04g081020.3 (interacts with) Solyc08g078300.3"
"interacts with","0.387521","Solyc04g081020.3 (interacts with) Solyc10g078700.2","1.0E-10","false","interacts with","Solyc04g081020.3 (interacts with) Solyc10g078700.2"
"interacts with","0.441357","Solyc06g083590.3 (interacts with) Solyc12g089240.2","1.0E-15","false","interacts with","Solyc06g083590.3 (interacts with) Solyc12g089240.2"
"interacts with","0.420807","Solyc04g081020.3 (interacts with) Solyc05g052410.2","1.0E-10","false","interacts with","Solyc04g081020.3 (interacts with) Solyc05g052410.2"
"interacts with","0.398581","Solyc04g081020.3 (interacts with) Solyc08g014030.1","1.0E-10","false","interacts with","Solyc04g081020.3 (interacts with) Solyc08g014030.1"
"interacts with","0.397938","Solyc04g081020.3 (interacts with) Solyc12g089240.2","1.0E-10","false","interacts with","Solyc04g081020.3 (interacts with) Solyc12g089240.2"
"interacts with","0.436904","Solyc06g083590.3 (interacts with) Solyc11g005380.2","1.0E-15","false","interacts with","Solyc06g083590.3 (interacts with) Solyc11g005380.2"
"interacts with","0.428197","Solyc06g083590.3 (interacts with) Solyc10g079070.2","1.0E-10","false","interacts with","Solyc06g083590.3 (interacts with) Solyc10g079070.2"
"interacts with","0.491474","Solyc02g068200.1 (interacts with) Solyc06g036170.1","1.0E-15","false","interacts with","Solyc02g068200.1 (interacts with) Solyc06g036170.1"
"interacts with","0.588962","Solyc08g078300.3 (interacts with) Solyc12g100140.2","1.0E-20","false","interacts with","Solyc08g078300.3 (interacts with) Solyc12g100140.2"
"interacts with","0.419413","Solyc04g081020.3 (interacts with) Solyc07g018010.3","1.0E-10","false","interacts with","Solyc04g081020.3 (interacts with) Solyc07g018010.3"
"interacts with","0.447966","Solyc02g090820.3 (interacts with) Solyc06g053720.2","1.0E-15","false","interacts with","Solyc02g090820.3 (interacts with) Solyc06g053720.2"
"interacts with","0.397481","Solyc04g081020.3 (interacts with) Solyc10g079070.2","1.0E-10","false","interacts with","Solyc04g081020.3 (interacts with) Solyc10g079070.2"
"interacts with","0.521852","Solyc03g114720.3 (interacts with) Solyc06g036170.1","1.0E-15","false","interacts with","Solyc03g114720.3 (interacts with) Solyc06g036170.1"
"interacts with","0.370217","Solyc02g068200.1 (interacts with) Solyc12g005830.2","1.0E-10","false","interacts with","Solyc02g068200.1 (interacts with) Solyc12g005830.2"
"interacts with","0.397361","Solyc04g081020.3 (interacts with) Solyc06g063070.3","1.0E-10","false","interacts with","Solyc04g081020.3 (interacts with) Solyc06g063070.3"
"interacts with","0.589252","Solyc02g024070.3 (interacts with) Solyc07g018010.3","1.0E-20","false","interacts with","Solyc02g024070.3 (interacts with) Solyc07g018010.3"
"interacts with","0.440633","Solyc02g090820.3 (interacts with) Solyc07g065570.2","1.0E-15","false","interacts with","Solyc02g090820.3 (interacts with) Solyc07g065570.2"
"interacts with","0.43275","Solyc06g083590.3 (interacts with) Solyc08g014030.1","1.0E-15","false","interacts with","Solyc06g083590.3 (interacts with) Solyc08g014030.1"
"interacts with","0.743767","Solyc02g090820.3 (interacts with) Solyc12g089240.2","1.0E-25","false","interacts with","Solyc02g090820.3 (interacts with) Solyc12g089240.2"
"interacts with","0.546119","Solyc08g078300.3 (interacts with) Solyc10g079070.2","1.0E-15","false","interacts with","Solyc08g078300.3 (interacts with) Solyc10g079070.2"
"interacts with","0.442673","Solyc02g024070.3 (interacts with) Solyc06g083590.3","1.0E-15","false","interacts with","Solyc02g024070.3 (interacts with) Solyc06g083590.3"
"interacts with","0.536103","Solyc08g078300.3 (interacts with) Solyc12g089240.2","1.0E-15","false","interacts with","Solyc08g078300.3 (interacts with) Solyc12g089240.2"
"interacts with","0.446084","Solyc03g116100.3 (interacts with) Solyc12g089240.2","1.0E-15","false","interacts with","Solyc03g116100.3 (interacts with) Solyc12g089240.2"
"interacts with","0.417062","Solyc03g116100.3 (interacts with) Solyc11g005380.2","1.0E-10","false","interacts with","Solyc03g116100.3 (interacts with) Solyc11g005380.2"
"interacts with","0.522446","Solyc03g114720.3 (interacts with) Solyc12g089240.2","1.0E-15","false","interacts with","Solyc03g114720.3 (interacts with) Solyc12g089240.2"
"interacts with","0.599901","Solyc02g024070.3 (interacts with) Solyc06g082300.3","1.0E-20","false","interacts with","Solyc02g024070.3 (interacts with) Solyc06g082300.3"
"interacts with","0.530155","Solyc02g068200.1 (interacts with) Solyc11g005380.2","1.0E-15","false","interacts with","Solyc02g068200.1 (interacts with) Solyc11g005380.2"
"interacts with","0.590621","Solyc07g018010.3 (interacts with) Solyc12g089240.2","1.0E-20","false","interacts with","Solyc07g018010.3 (interacts with) Solyc12g089240.2"
"interacts with","0.480107","Solyc02g068200.1 (interacts with) Solyc12g089240.2","1.0E-15","false","interacts with","Solyc02g068200.1 (interacts with) Solyc12g089240.2"
"interacts with","0.671836","Solyc02g024070.3 (interacts with) Solyc12g089240.2","1.0E-20","false","interacts with","Solyc02g024070.3 (interacts with) Solyc12g089240.2"
"interacts with","0.492303","Solyc07g018010.3 (interacts with) Solyc11g010710.2","1.0E-15","false","interacts with","Solyc07g018010.3 (interacts with) Solyc11g010710.2"
"interacts with","0.408239","Solyc03g116100.3 (interacts with) Solyc03g121400.1","1.0E-10","false","interacts with","Solyc03g116100.3 (interacts with) Solyc03g121400.1"
"interacts with","0.354006","Solyc02g090820.3 (interacts with) Solyc10g079150.2","1.0E-10","false","interacts with","Solyc02g090820.3 (interacts with) Solyc10g079150.2"
"interacts with","0.556336","Solyc07g018010.3 (interacts with) Solyc08g014030.1","1.0E-15","false","interacts with","Solyc07g018010.3 (interacts with) Solyc08g014030.1"
"interacts with","0.333516","Solyc02g024070.3 (interacts with) Solyc10g079150.2","1.0E-10","false","interacts with","Solyc02g024070.3 (interacts with) Solyc10g079150.2"
"interacts with","0.624445","Solyc05g052410.2 (interacts with) Solyc06g082300.3","1.0E-20","false","interacts with","Solyc05g052410.2 (interacts with) Solyc06g082300.3"
"interacts with","0.612979","Solyc07g018010.3 (interacts with) Solyc10g079070.2","1.0E-20","false","interacts with","Solyc07g018010.3 (interacts with) Solyc10g079070.2"
"interacts with","0.522371","Solyc05g052410.2 (interacts with) Solyc07g043330.2","1.0E-15","false","interacts with","Solyc05g052410.2 (interacts with) Solyc07g043330.2"
"interacts with","0.442633","Solyc02g090820.3 (interacts with) Solyc03g116100.3","1.0E-15","false","interacts with","Solyc02g090820.3 (interacts with) Solyc03g116100.3"
"interacts with","0.652796","Solyc05g052410.2 (interacts with) Solyc12g089240.2","1.0E-20","false","interacts with","Solyc05g052410.2 (interacts with) Solyc12g089240.2"
"interacts with","0.201687","Solyc05g052410.2 (interacts with) Solyc08g078590.1","1.0E-5","false","interacts with","Solyc05g052410.2 (interacts with) Solyc08g078590.1"
"interacts with","0.462708","Solyc02g081120.3 (interacts with) Solyc02g090820.3","1.0E-15","false","interacts with","Solyc02g081120.3 (interacts with) Solyc02g090820.3"
"interacts with","0.380354","Solyc05g052410.2 (interacts with) Solyc08g082210.3","1.0E-10","false","interacts with","Solyc05g052410.2 (interacts with) Solyc08g082210.3"
"interacts with","0.558262","Solyc07g018010.3 (interacts with) Solyc11g072500.2","1.0E-15","false","interacts with","Solyc07g018010.3 (interacts with) Solyc11g072500.2"
"interacts with","0.430605","Solyc02g081120.3 (interacts with) Solyc03g121400.1","1.0E-10","false","interacts with","Solyc02g081120.3 (interacts with) Solyc03g121400.1"
"interacts with","0.629019","Solyc07g018010.3 (interacts with) Solyc10g078700.2","1.0E-20","false","interacts with","Solyc07g018010.3 (interacts with) Solyc10g078700.2"
"interacts with","0.557942","Solyc02g090820.3 (interacts with) Solyc10g080540.2","1.0E-15","false","interacts with","Solyc02g090820.3 (interacts with) Solyc10g080540.2"
"interacts with","0.406443","Solyc05g052410.2 (interacts with) Solyc10g007350.3","1.0E-10","false","interacts with","Solyc05g052410.2 (interacts with) Solyc10g007350.3"
"interacts with","0.293537","Solyc02g081120.3 (interacts with) Solyc10g083567.1","1.0E-10","false","interacts with","Solyc02g081120.3 (interacts with) Solyc10g083567.1"
"interacts with","0.724626","Solyc05g052410.2 (interacts with) Solyc06g036170.1","1.0E-25","false","interacts with","Solyc05g052410.2 (interacts with) Solyc06g036170.1"
"interacts with","0.58092","Solyc02g090820.3 (interacts with) Solyc07g018010.3","1.0E-20","false","interacts with","Solyc02g090820.3 (interacts with) Solyc07g018010.3"
"interacts with","0.404428","Solyc02g081120.3 (interacts with) Solyc03g116100.3","1.0E-10","false","interacts with","Solyc02g081120.3 (interacts with) Solyc03g116100.3"
"interacts with","0.517102","Solyc05g052410.2 (interacts with) Solyc06g062670.3","1.0E-15","false","interacts with","Solyc05g052410.2 (interacts with) Solyc06g062670.3"
"interacts with","0.468886","Solyc02g081120.3 (interacts with) Solyc11g005380.2","1.0E-15","false","interacts with","Solyc02g081120.3 (interacts with) Solyc11g005380.2"
"interacts with","0.554104","Solyc05g052410.2 (interacts with) Solyc08g078300.3","1.0E-15","false","interacts with","Solyc05g052410.2 (interacts with) Solyc08g078300.3"
"interacts with","0.436517","Solyc02g081120.3 (interacts with) Solyc12g089240.2","1.0E-15","false","interacts with","Solyc02g081120.3 (interacts with) Solyc12g089240.2"
"interacts with","0.639186","Solyc02g090820.3 (interacts with) Solyc12g099760.2","1.0E-20","false","interacts with","Solyc02g090820.3 (interacts with) Solyc12g099760.2"
"interacts with","0.518157","Solyc11g072500.2 (interacts with) Solyc12g089240.2","1.0E-15","false","interacts with","Solyc11g072500.2 (interacts with) Solyc12g089240.2"
"interacts with","0.777256","Solyc02g090820.3 (interacts with) Solyc11g005380.2","1.0E-25","false","interacts with","Solyc02g090820.3 (interacts with) Solyc11g005380.2"
"interacts with","0.702407","Solyc02g024070.3 (interacts with) Solyc02g090820.3","1.0E-20","false","interacts with","Solyc02g024070.3 (interacts with) Solyc02g090820.3"
"interacts with","0.728791","Solyc02g024070.3 (interacts with) Solyc06g053610.3","1.0E-25","false","interacts with","Solyc02g024070.3 (interacts with) Solyc06g053610.3"
"interacts with","0.464379","Solyc06g083980.2 (interacts with) Solyc12g089240.2","1.0E-15","false","interacts with","Solyc06g083980.2 (interacts with) Solyc12g089240.2"
"interacts with","0.429033","Solyc02g090820.3 (interacts with) Solyc04g081020.3","1.0E-10","false","interacts with","Solyc02g090820.3 (interacts with) Solyc04g081020.3"
"interacts with","0.515326","Solyc06g083980.2 (interacts with) Solyc11g005380.2","1.0E-15","false","interacts with","Solyc06g083980.2 (interacts with) Solyc11g005380.2"
"interacts with","0.485969","Solyc05g050220.3 (interacts with) Solyc12g089240.2","1.0E-15","false","interacts with","Solyc05g050220.3 (interacts with) Solyc12g089240.2"
"interacts with","0.555331","Solyc10g079070.2 (interacts with) Solyc10g080540.2","1.0E-15","false","interacts with","Solyc10g079070.2 (interacts with) Solyc10g080540.2"
"interacts with","0.631944","Solyc02g024070.3 (interacts with) Solyc12g099760.2","1.0E-20","false","interacts with","Solyc02g024070.3 (interacts with) Solyc12g099760.2"
"interacts with","0.522934","Solyc06g062670.3 (interacts with) Solyc12g089240.2","1.0E-15","false","interacts with","Solyc06g062670.3 (interacts with) Solyc12g089240.2"
"interacts with","0.408908","Solyc02g090820.3 (interacts with) Solyc12g005830.2","1.0E-10","false","interacts with","Solyc02g090820.3 (interacts with) Solyc12g005830.2"
"interacts with","0.587655","Solyc10g079070.2 (interacts with) Solyc10g084380.1","1.0E-20","false","interacts with","Solyc10g079070.2 (interacts with) Solyc10g084380.1"
"interacts with","0.380435","Solyc10g007350.3 (interacts with) Solyc12g089240.2","1.0E-10","false","interacts with","Solyc10g007350.3 (interacts with) Solyc12g089240.2"
"interacts with","0.496661","Solyc05g050220.3 (interacts with) Solyc06g082300.3","1.0E-15","false","interacts with","Solyc05g050220.3 (interacts with) Solyc06g082300.3"
"interacts with","0.595481","Solyc02g090820.3 (interacts with) Solyc08g014030.1","1.0E-20","false","interacts with","Solyc02g090820.3 (interacts with) Solyc08g014030.1"
"interacts with","0.522478","Solyc02g090820.3 (interacts with) Solyc06g062670.3","1.0E-15","false","interacts with","Solyc02g090820.3 (interacts with) Solyc06g062670.3"
"interacts with","0.518488","Solyc05g050220.3 (interacts with) Solyc12g099760.2","1.0E-15","false","interacts with","Solyc05g050220.3 (interacts with) Solyc12g099760.2"
"interacts with","0.393483","Solyc10g007350.3 (interacts with) Solyc10g084380.1","1.0E-10","false","interacts with","Solyc10g007350.3 (interacts with) Solyc10g084380.1"
"interacts with","0.348352","Solyc10g079070.2 (interacts with) Solyc10g079150.2","1.0E-10","false","interacts with","Solyc10g079070.2 (interacts with) Solyc10g079150.2"
"interacts with","0.524472","Solyc06g062670.3 (interacts with) Solyc12g044610.2","1.0E-15","false","interacts with","Solyc06g062670.3 (interacts with) Solyc12g044610.2"
"interacts with","0.701539","Solyc10g079070.2 (interacts with) Solyc12g089240.2","1.0E-20","false","interacts with","Solyc10g079070.2 (interacts with) Solyc12g089240.2"
"interacts with","0.493275","Solyc05g050220.3 (interacts with) Solyc06g036170.1","1.0E-15","false","interacts with","Solyc05g050220.3 (interacts with) Solyc06g036170.1"
"interacts with","0.491127","Solyc05g050220.3 (interacts with) Solyc10g079070.2","1.0E-15","false","interacts with","Solyc05g050220.3 (interacts with) Solyc10g079070.2"
"interacts with","0.654056","Solyc02g090820.3 (interacts with) Solyc10g078700.2","1.0E-20","false","interacts with","Solyc02g090820.3 (interacts with) Solyc10g078700.2"
"interacts with","0.707475","Solyc02g024070.3 (interacts with) Solyc03g112390.3","1.0E-20","false","interacts with","Solyc02g024070.3 (interacts with) Solyc03g112390.3"
"interacts with","0.593039","Solyc02g090820.3 (interacts with) Solyc08g076860.3","1.0E-20","false","interacts with","Solyc02g090820.3 (interacts with) Solyc08g076860.3"
"interacts with","0.499506","Solyc05g050220.3 (interacts with) Solyc05g052410.2","1.0E-15","false","interacts with","Solyc05g050220.3 (interacts with) Solyc05g052410.2"
"interacts with","0.52386","Solyc05g050220.3 (interacts with) Solyc10g078700.2","1.0E-15","false","interacts with","Solyc05g050220.3 (interacts with) Solyc10g078700.2"
"interacts with","0.72268","Solyc02g090820.3 (interacts with) Solyc10g079070.2","1.0E-25","false","interacts with","Solyc02g090820.3 (interacts with) Solyc10g079070.2"
"interacts with","0.470785","Solyc10g079070.2 (interacts with) Solyc12g044610.2","1.0E-15","false","interacts with","Solyc10g079070.2 (interacts with) Solyc12g044610.2"
"interacts with","0.581585","Solyc10g079070.2 (interacts with) Solyc12g100140.2","1.0E-20","false","interacts with","Solyc10g079070.2 (interacts with) Solyc12g100140.2"
"interacts with","0.512615","Solyc06g062670.3 (interacts with) Solyc06g063070.3","1.0E-15","false","interacts with","Solyc06g062670.3 (interacts with) Solyc06g063070.3"
"interacts with","0.680028","Solyc10g079070.2 (interacts with) Solyc12g099760.2","1.0E-20","false","interacts with","Solyc10g079070.2 (interacts with) Solyc12g099760.2"
"interacts with","0.528243","Solyc06g062670.3 (interacts with) Solyc07g018010.3","1.0E-15","false","interacts with","Solyc06g062670.3 (interacts with) Solyc07g018010.3"
"interacts with","0.508833","Solyc06g062670.3 (interacts with) Solyc10g079070.2","1.0E-15","false","interacts with","Solyc06g062670.3 (interacts with) Solyc10g079070.2"
"interacts with","0.222258","Solyc06g063070.3 (interacts with) Solyc08g078590.1","1.0E-5","false","interacts with","Solyc06g063070.3 (interacts with) Solyc08g078590.1"
"interacts with","0.452957","Solyc01g060490.3 (interacts with) Solyc06g036170.1","1.0E-15","false","interacts with","Solyc01g060490.3 (interacts with) Solyc06g036170.1"
"interacts with","0.613388","Solyc10g084380.1 (interacts with) Solyc12g089240.2","1.0E-20","false","interacts with","Solyc10g084380.1 (interacts with) Solyc12g089240.2"
"interacts with","0.447092","Solyc01g060490.3 (interacts with) Solyc10g084380.1","1.0E-15","false","interacts with","Solyc01g060490.3 (interacts with) Solyc10g084380.1"
"interacts with","0.437731","Solyc07g065570.2 (interacts with) Solyc10g079070.2","1.0E-15","false","interacts with","Solyc07g065570.2 (interacts with) Solyc10g079070.2"
"interacts with","0.760512","Solyc06g063070.3 (interacts with) Solyc12g089240.2","1.0E-25","false","interacts with","Solyc06g063070.3 (interacts with) Solyc12g089240.2"
"interacts with","0.367857","Solyc06g063070.3 (interacts with) Solyc08g082210.3","1.0E-10","false","interacts with","Solyc06g063070.3 (interacts with) Solyc08g082210.3"
"interacts with","0.404378","Solyc07g065570.2 (interacts with) Solyc08g014030.1","1.0E-10","false","interacts with","Solyc07g065570.2 (interacts with) Solyc08g014030.1"
